Model,Accuracy,Precision,Recall,F1-Score,F1-Macro,ROC-AUC,PR-AUC
Multinomial Nb,0.6666666666666666,1.0,0.3333333333333333,0.5,0.625,0.6666666666666667,0.7666666666666666
Logistic Regression,0.6666666666666666,1.0,0.3333333333333333,0.5,0.625,0.6666666666666667,0.7666666666666666
Linear Svc,0.6666666666666666,1.0,0.3333333333333333,0.5,0.625,0.6666666666666667,0.7666666666666666
