k,silhouette_score,inertia
5,0.4360479603692704,5.415953242729534
8,0.5479693354888743,1.7580034084202567
12,0.3913436061871569,0.31284183267011456
